{
   "orientation_w" : 0.69908693338641692,
   "orientation_x" : 0.0,
   "orientation_y" : 0.0,
   "orientation_z" : 0.71503668407178622,
   "position_x" : 2.9357394837118944,
   "position_y" : 1.2999539027978415
}
